item_id,task_type,perturbation_type,input_similarity,input_drift,output_similarity,output_drift,baseline_similarity,noise_corrected_drift,similarity_metric
code_generation_107,code_generation,context_injection,0.915427,0.084573,0.929441,0.070559,0.922331,-0.00711,sentence-transformers/all-MiniLM-L6-v2
code_generation_107,code_generation,formatting_changes,0.968434,0.031566,0.938773,0.061227,0.922331,-0.016442,sentence-transformers/all-MiniLM-L6-v2
code_generation_107,code_generation,paraphrasing,0.962665,0.037335,0.934929,0.065071,0.922331,-0.012598,sentence-transformers/all-MiniLM-L6-v2
code_generation_107,code_generation,reordering,0.990191,0.009809,0.930383,0.069617,0.922331,-0.008052,sentence-transformers/all-MiniLM-L6-v2
code_generation_107,code_generation,surface_noise,0.972297,0.027703,0.939866,0.060134,0.922331,-0.017535,sentence-transformers/all-MiniLM-L6-v2
code_generation_109,code_generation,context_injection,0.971015,0.028985,0.885976,0.114024,0.902029,0.016053,sentence-transformers/all-MiniLM-L6-v2
code_generation_109,code_generation,formatting_changes,0.991376,0.008624,0.881598,0.118402,0.902029,0.020431,sentence-transformers/all-MiniLM-L6-v2
code_generation_109,code_generation,paraphrasing,0.81225,0.18775,0.755246,0.244754,0.902029,0.146783,sentence-transformers/all-MiniLM-L6-v2
code_generation_109,code_generation,reordering,0.984115,0.015885,0.917311,0.082689,0.902029,-0.015282,sentence-transformers/all-MiniLM-L6-v2
code_generation_109,code_generation,surface_noise,0.993654,0.006346,0.873073,0.126927,0.902029,0.028956,sentence-transformers/all-MiniLM-L6-v2
code_generation_117,code_generation,context_injection,0.97431,0.02569,0.973161,0.026839,0.968763,-0.004398,sentence-transformers/all-MiniLM-L6-v2
code_generation_117,code_generation,formatting_changes,0.981628,0.018372,0.936231,0.063769,0.968763,0.032532,sentence-transformers/all-MiniLM-L6-v2
code_generation_117,code_generation,paraphrasing,0.967442,0.032558,0.923102,0.076898,0.968763,0.045661,sentence-transformers/all-MiniLM-L6-v2
code_generation_117,code_generation,reordering,0.959178,0.040822,0.932798,0.067202,0.968763,0.035965,sentence-transformers/all-MiniLM-L6-v2
code_generation_117,code_generation,surface_noise,0.979323,0.020677,0.965756,0.034244,0.968763,0.003007,sentence-transformers/all-MiniLM-L6-v2
code_generation_128,code_generation,context_injection,0.911803,0.088197,0.945272,0.054728,0.946336,0.001064,sentence-transformers/all-MiniLM-L6-v2
code_generation_128,code_generation,formatting_changes,0.977846,0.022154,0.939917,0.060083,0.946336,0.006419,sentence-transformers/all-MiniLM-L6-v2
code_generation_128,code_generation,paraphrasing,0.920679,0.079321,0.898029,0.101971,0.946336,0.048307,sentence-transformers/all-MiniLM-L6-v2
code_generation_128,code_generation,reordering,0.977178,0.022822,0.934039,0.065961,0.946336,0.012297,sentence-transformers/all-MiniLM-L6-v2
code_generation_128,code_generation,surface_noise,0.991357,0.008643,0.942497,0.057503,0.946336,0.003839,sentence-transformers/all-MiniLM-L6-v2
code_generation_138,code_generation,context_injection,0.892824,0.107176,0.959815,0.040185,0.948262,-0.011553,sentence-transformers/all-MiniLM-L6-v2
code_generation_138,code_generation,formatting_changes,0.972771,0.027229,0.943949,0.056051,0.948262,0.004313,sentence-transformers/all-MiniLM-L6-v2
code_generation_138,code_generation,paraphrasing,0.899356,0.100644,0.935866,0.064134,0.948262,0.012396,sentence-transformers/all-MiniLM-L6-v2
code_generation_138,code_generation,reordering,0.980981,0.019019,0.938492,0.061508,0.948262,0.009769,sentence-transformers/all-MiniLM-L6-v2
code_generation_138,code_generation,surface_noise,0.955261,0.044739,0.955229,0.044771,0.948262,-0.006968,sentence-transformers/all-MiniLM-L6-v2
code_generation_143,code_generation,context_injection,0.907994,0.092006,0.920211,0.079789,0.930535,0.010324,sentence-transformers/all-MiniLM-L6-v2
code_generation_143,code_generation,formatting_changes,0.966894,0.033106,0.931956,0.068044,0.930535,-0.001421,sentence-transformers/all-MiniLM-L6-v2
code_generation_143,code_generation,paraphrasing,0.931829,0.068171,0.907165,0.092835,0.930535,0.023371,sentence-transformers/all-MiniLM-L6-v2
code_generation_143,code_generation,reordering,0.968363,0.031637,0.954183,0.045817,0.930535,-0.023647,sentence-transformers/all-MiniLM-L6-v2
code_generation_143,code_generation,surface_noise,0.99748,0.00252,0.944784,0.055216,0.930535,-0.014249,sentence-transformers/all-MiniLM-L6-v2
code_generation_18,code_generation,context_injection,0.886898,0.113102,0.950111,0.049889,0.945752,-0.004359,sentence-transformers/all-MiniLM-L6-v2
code_generation_18,code_generation,formatting_changes,0.954581,0.045419,0.934771,0.065229,0.945752,0.010981,sentence-transformers/all-MiniLM-L6-v2
code_generation_18,code_generation,paraphrasing,0.864117,0.135883,0.881702,0.118298,0.945752,0.06405,sentence-transformers/all-MiniLM-L6-v2
code_generation_18,code_generation,reordering,0.990839,0.009161,0.909079,0.090921,0.945752,0.036674,sentence-transformers/all-MiniLM-L6-v2
code_generation_18,code_generation,surface_noise,0.989471,0.010529,0.945939,0.054061,0.945752,-0.000187,sentence-transformers/all-MiniLM-L6-v2
code_generation_25,code_generation,context_injection,0.862805,0.137195,0.907371,0.092629,0.911181,0.00381,sentence-transformers/all-MiniLM-L6-v2
code_generation_25,code_generation,formatting_changes,0.975945,0.024055,0.91294,0.08706,0.911181,-0.001759,sentence-transformers/all-MiniLM-L6-v2
code_generation_25,code_generation,paraphrasing,0.933416,0.066584,0.899301,0.100699,0.911181,0.01188,sentence-transformers/all-MiniLM-L6-v2
code_generation_25,code_generation,reordering,0.982011,0.017989,0.913145,0.086855,0.911181,-0.001964,sentence-transformers/all-MiniLM-L6-v2
code_generation_25,code_generation,surface_noise,0.995945,0.004055,0.904935,0.095065,0.911181,0.006246,sentence-transformers/all-MiniLM-L6-v2
code_generation_49,code_generation,context_injection,0.952623,0.047377,0.941295,0.058705,0.962419,0.021124,sentence-transformers/all-MiniLM-L6-v2
code_generation_49,code_generation,formatting_changes,0.956437,0.043563,0.947601,0.052399,0.962419,0.014817,sentence-transformers/all-MiniLM-L6-v2
code_generation_49,code_generation,paraphrasing,0.943681,0.056319,0.954966,0.045034,0.962419,0.007452,sentence-transformers/all-MiniLM-L6-v2
code_generation_49,code_generation,reordering,0.97977,0.02023,0.951078,0.048922,0.962419,0.01134,sentence-transformers/all-MiniLM-L6-v2
code_generation_49,code_generation,surface_noise,0.987976,0.012024,0.94111,0.05889,0.962419,0.021308,sentence-transformers/all-MiniLM-L6-v2
code_generation_75,code_generation,context_injection,0.874738,0.125262,0.883124,0.116876,0.87892,-0.004203,sentence-transformers/all-MiniLM-L6-v2
code_generation_75,code_generation,formatting_changes,0.954602,0.045398,0.900714,0.099286,0.87892,-0.021793,sentence-transformers/all-MiniLM-L6-v2
code_generation_75,code_generation,paraphrasing,0.936909,0.063091,0.880618,0.119382,0.87892,-0.001698,sentence-transformers/all-MiniLM-L6-v2
code_generation_75,code_generation,reordering,0.96172,0.03828,0.859124,0.140876,0.87892,0.019797,sentence-transformers/all-MiniLM-L6-v2
code_generation_75,code_generation,surface_noise,0.995683,0.004317,0.886058,0.113942,0.87892,-0.007138,sentence-transformers/all-MiniLM-L6-v2
factual_qa_10908,factual_qa,context_injection,0.974487,0.025513,1.0,0.0,1.0,0.0,sentence-transformers/all-MiniLM-L6-v2
factual_qa_10908,factual_qa,formatting_changes,0.986807,0.013193,1.0,0.0,1.0,0.0,sentence-transformers/all-MiniLM-L6-v2
factual_qa_10908,factual_qa,paraphrasing,0.697568,0.302432,0.901844,0.098156,1.0,0.098156,sentence-transformers/all-MiniLM-L6-v2
factual_qa_10908,factual_qa,reordering,0.960723,0.039277,0.804998,0.195002,1.0,0.195003,sentence-transformers/all-MiniLM-L6-v2
factual_qa_10908,factual_qa,surface_noise,0.995013,0.004987,1.0,0.0,1.0,0.0,sentence-transformers/all-MiniLM-L6-v2
factual_qa_2289,factual_qa,context_injection,0.974109,0.025891,0.975822,0.024178,0.97859,0.002768,sentence-transformers/all-MiniLM-L6-v2
factual_qa_2289,factual_qa,formatting_changes,0.989304,0.010696,0.971533,0.028467,0.97859,0.007057,sentence-transformers/all-MiniLM-L6-v2
factual_qa_2289,factual_qa,paraphrasing,0.592475,0.407525,0.882315,0.117685,0.97859,0.096274,sentence-transformers/all-MiniLM-L6-v2
factual_qa_2289,factual_qa,reordering,0.956572,0.043428,0.945601,0.054399,0.97859,0.032989,sentence-transformers/all-MiniLM-L6-v2
factual_qa_2289,factual_qa,surface_noise,0.996267,0.003733,0.976322,0.023678,0.97859,0.002268,sentence-transformers/all-MiniLM-L6-v2
factual_qa_3373,factual_qa,context_injection,0.964833,0.035167,0.998869,0.001131,0.998385,-0.000483,sentence-transformers/all-MiniLM-L6-v2
factual_qa_3373,factual_qa,formatting_changes,0.97706,0.02294,0.998708,0.001292,0.998385,-0.000323,sentence-transformers/all-MiniLM-L6-v2
factual_qa_3373,factual_qa,paraphrasing,0.77817,0.22183,0.895484,0.104516,0.998385,0.102901,sentence-transformers/all-MiniLM-L6-v2
factual_qa_3373,factual_qa,reordering,0.973735,0.026265,0.999193,0.000807,0.998385,-0.000807,sentence-transformers/all-MiniLM-L6-v2
factual_qa_3373,factual_qa,surface_noise,0.995826,0.004174,0.996129,0.003871,0.998385,0.002257,sentence-transformers/all-MiniLM-L6-v2
factual_qa_4029,factual_qa,context_injection,0.985937,0.014063,1.0,0.0,1.0,0.0,sentence-transformers/all-MiniLM-L6-v2
factual_qa_4029,factual_qa,formatting_changes,0.985909,0.014091,1.0,0.0,1.0,0.0,sentence-transformers/all-MiniLM-L6-v2
factual_qa_4029,factual_qa,paraphrasing,0.884132,0.115868,0.844257,0.155743,1.0,0.155743,sentence-transformers/all-MiniLM-L6-v2
factual_qa_4029,factual_qa,reordering,0.972358,0.027642,0.974059,0.025941,1.0,0.025941,sentence-transformers/all-MiniLM-L6-v2
factual_qa_4029,factual_qa,surface_noise,0.995077,0.004923,1.0,0.0,1.0,0.0,sentence-transformers/all-MiniLM-L6-v2
factual_qa_6353,factual_qa,context_injection,0.975729,0.024271,0.94958,0.05042,0.952329,0.002749,sentence-transformers/all-MiniLM-L6-v2
factual_qa_6353,factual_qa,formatting_changes,0.989283,0.010717,0.912464,0.087536,0.952329,0.039865,sentence-transformers/all-MiniLM-L6-v2
factual_qa_6353,factual_qa,paraphrasing,0.823725,0.176275,0.874489,0.125511,0.952329,0.07784,sentence-transformers/all-MiniLM-L6-v2
factual_qa_6353,factual_qa,reordering,0.976455,0.023545,0.924451,0.075549,0.952329,0.027878,sentence-transformers/all-MiniLM-L6-v2
factual_qa_6353,factual_qa,surface_noise,0.993059,0.006941,0.927965,0.072035,0.952329,0.024364,sentence-transformers/all-MiniLM-L6-v2
factual_qa_6460,factual_qa,context_injection,0.975407,0.024593,0.996534,0.003466,0.996534,0.0,sentence-transformers/all-MiniLM-L6-v2
factual_qa_6460,factual_qa,formatting_changes,0.985993,0.014007,0.996765,0.003235,0.996534,-0.000231,sentence-transformers/all-MiniLM-L6-v2
factual_qa_6460,factual_qa,paraphrasing,0.455379,0.544621,0.92966,0.07034,0.996534,0.066873,sentence-transformers/all-MiniLM-L6-v2
factual_qa_6460,factual_qa,reordering,0.944207,0.055793,0.996534,0.003466,0.996534,0.0,sentence-transformers/all-MiniLM-L6-v2
factual_qa_6460,factual_qa,surface_noise,0.997017,0.002983,0.996996,0.003004,0.996534,-0.000462,sentence-transformers/all-MiniLM-L6-v2
factual_qa_7525,factual_qa,context_injection,0.98538,0.01462,0.838807,0.161193,0.828729,-0.010078,sentence-transformers/all-MiniLM-L6-v2
factual_qa_7525,factual_qa,formatting_changes,0.993546,0.006454,0.799936,0.200064,0.828729,0.028792,sentence-transformers/all-MiniLM-L6-v2
factual_qa_7525,factual_qa,paraphrasing,0.898856,0.101144,0.489419,0.510581,0.828729,0.339309,sentence-transformers/all-MiniLM-L6-v2
factual_qa_7525,factual_qa,reordering,0.979635,0.020365,0.777963,0.222037,0.828729,0.050765,sentence-transformers/all-MiniLM-L6-v2
factual_qa_7525,factual_qa,surface_noise,0.997659,0.002341,0.86955,0.13045,0.828729,-0.040822,sentence-transformers/all-MiniLM-L6-v2
factual_qa_800,factual_qa,context_injection,0.919056,0.080944,0.864031,0.135969,0.865765,0.001734,sentence-transformers/all-MiniLM-L6-v2
factual_qa_800,factual_qa,formatting_changes,0.981466,0.018534,0.880546,0.119454,0.865765,-0.014781,sentence-transformers/all-MiniLM-L6-v2
factual_qa_800,factual_qa,paraphrasing,0.924443,0.075557,0.814175,0.185825,0.865765,0.05159,sentence-transformers/all-MiniLM-L6-v2
factual_qa_800,factual_qa,reordering,0.98186,0.01814,0.781894,0.218106,0.865765,0.083871,sentence-transformers/all-MiniLM-L6-v2
factual_qa_800,factual_qa,surface_noise,0.998556,0.001444,0.880675,0.119325,0.865765,-0.01491,sentence-transformers/all-MiniLM-L6-v2
factual_qa_8164,factual_qa,context_injection,0.945448,0.054552,1.0,0.0,1.0,0.0,sentence-transformers/all-MiniLM-L6-v2
factual_qa_8164,factual_qa,formatting_changes,0.985268,0.014732,1.0,0.0,1.0,0.0,sentence-transformers/all-MiniLM-L6-v2
factual_qa_8164,factual_qa,paraphrasing,0.676424,0.323576,0.821894,0.178106,1.0,0.178106,sentence-transformers/all-MiniLM-L6-v2
factual_qa_8164,factual_qa,reordering,0.980389,0.019611,0.995284,0.004716,1.0,0.004716,sentence-transformers/all-MiniLM-L6-v2
factual_qa_8164,factual_qa,surface_noise,0.988903,0.011097,1.0,0.0,1.0,0.0,sentence-transformers/all-MiniLM-L6-v2
factual_qa_8650,factual_qa,context_injection,0.951375,0.048625,0.948289,0.051711,0.896577,-0.051711,sentence-transformers/all-MiniLM-L6-v2
factual_qa_8650,factual_qa,formatting_changes,0.991704,0.008296,0.688514,0.311486,0.896577,0.208064,sentence-transformers/all-MiniLM-L6-v2
factual_qa_8650,factual_qa,paraphrasing,0.868666,0.131334,0.937506,0.062494,0.896577,-0.040929,sentence-transformers/all-MiniLM-L6-v2
factual_qa_8650,factual_qa,reordering,0.965947,0.034053,0.904906,0.095094,0.896577,-0.008329,sentence-transformers/all-MiniLM-L6-v2
factual_qa_8650,factual_qa,surface_noise,0.989021,0.010979,0.931637,0.068363,0.896577,-0.03506,sentence-transformers/all-MiniLM-L6-v2
math_reasoning_10926,math_reasoning,context_injection,0.864083,0.135917,0.96784,0.03216,0.961172,-0.006668,sentence-transformers/all-MiniLM-L6-v2
math_reasoning_10926,math_reasoning,formatting_changes,0.958851,0.041149,0.96217,0.03783,0.961172,-0.000998,sentence-transformers/all-MiniLM-L6-v2
math_reasoning_10926,math_reasoning,paraphrasing,0.848041,0.151959,0.954124,0.045876,0.961172,0.007047,sentence-transformers/all-MiniLM-L6-v2
math_reasoning_10926,math_reasoning,reordering,0.993383,0.006617,0.955667,0.044333,0.961172,0.005504,sentence-transformers/all-MiniLM-L6-v2
math_reasoning_10926,math_reasoning,surface_noise,0.968349,0.031651,0.960228,0.039772,0.961172,0.000943,sentence-transformers/all-MiniLM-L6-v2
math_reasoning_11297,math_reasoning,context_injection,0.909514,0.090486,0.771569,0.228431,0.845066,0.073496,sentence-transformers/all-MiniLM-L6-v2
math_reasoning_11297,math_reasoning,formatting_changes,0.92934,0.07066,0.784182,0.215818,0.845066,0.060884,sentence-transformers/all-MiniLM-L6-v2
math_reasoning_11297,math_reasoning,paraphrasing,0.429342,0.570658,0.824455,0.175545,0.845066,0.02061,sentence-transformers/all-MiniLM-L6-v2
math_reasoning_11297,math_reasoning,reordering,0.957949,0.042051,0.789492,0.210508,0.845066,0.055574,sentence-transformers/all-MiniLM-L6-v2
math_reasoning_11297,math_reasoning,surface_noise,1.0,0.0,0.809959,0.190041,0.845066,0.035107,sentence-transformers/all-MiniLM-L6-v2
math_reasoning_11759,math_reasoning,context_injection,0.841881,0.158119,0.919154,0.080846,0.906556,-0.012598,sentence-transformers/all-MiniLM-L6-v2
math_reasoning_11759,math_reasoning,formatting_changes,0.964186,0.035814,0.916598,0.083402,0.906556,-0.010041,sentence-transformers/all-MiniLM-L6-v2
math_reasoning_11759,math_reasoning,paraphrasing,0.952483,0.047517,0.897126,0.102874,0.906556,0.00943,sentence-transformers/all-MiniLM-L6-v2
math_reasoning_11759,math_reasoning,reordering,0.993915,0.006085,0.913606,0.086394,0.906556,-0.00705,sentence-transformers/all-MiniLM-L6-v2
math_reasoning_11759,math_reasoning,surface_noise,0.99872,0.00128,0.910037,0.089963,0.906556,-0.00348,sentence-transformers/all-MiniLM-L6-v2
math_reasoning_2873,math_reasoning,context_injection,0.722675,0.277325,0.909181,0.090819,0.891134,-0.018047,sentence-transformers/all-MiniLM-L6-v2
math_reasoning_2873,math_reasoning,formatting_changes,0.946621,0.053379,0.897979,0.102021,0.891134,-0.006845,sentence-transformers/all-MiniLM-L6-v2
math_reasoning_2873,math_reasoning,paraphrasing,0.746414,0.253586,0.871801,0.128199,0.891134,0.019333,sentence-transformers/all-MiniLM-L6-v2
math_reasoning_2873,math_reasoning,reordering,0.991935,0.008065,0.911123,0.088877,0.891134,-0.019989,sentence-transformers/all-MiniLM-L6-v2
math_reasoning_2873,math_reasoning,surface_noise,0.963325,0.036675,0.902136,0.097864,0.891134,-0.011002,sentence-transformers/all-MiniLM-L6-v2
math_reasoning_3886,math_reasoning,context_injection,0.913364,0.086636,0.864813,0.135187,0.848252,-0.016561,sentence-transformers/all-MiniLM-L6-v2
math_reasoning_3886,math_reasoning,formatting_changes,0.972159,0.027841,0.875881,0.124119,0.848252,-0.027628,sentence-transformers/all-MiniLM-L6-v2
math_reasoning_3886,math_reasoning,paraphrasing,0.96962,0.03038,0.876508,0.123492,0.848252,-0.028255,sentence-transformers/all-MiniLM-L6-v2
math_reasoning_3886,math_reasoning,reordering,0.994202,0.005798,0.884533,0.115467,0.848252,-0.036281,sentence-transformers/all-MiniLM-L6-v2
math_reasoning_3886,math_reasoning,surface_noise,0.954763,0.045237,0.899998,0.100002,0.848252,-0.051746,sentence-transformers/all-MiniLM-L6-v2
math_reasoning_4807,math_reasoning,context_injection,0.94549,0.05451,0.950085,0.049915,0.941622,-0.008463,sentence-transformers/all-MiniLM-L6-v2
math_reasoning_4807,math_reasoning,formatting_changes,0.969589,0.030411,0.948062,0.051938,0.941622,-0.00644,sentence-transformers/all-MiniLM-L6-v2
math_reasoning_4807,math_reasoning,paraphrasing,0.823429,0.176571,0.92304,0.07696,0.941622,0.018581,sentence-transformers/all-MiniLM-L6-v2
math_reasoning_4807,math_reasoning,reordering,0.990807,0.009193,0.934663,0.065337,0.941622,0.006959,sentence-transformers/all-MiniLM-L6-v2
math_reasoning_4807,math_reasoning,surface_noise,0.998889,0.001111,0.944714,0.055286,0.941622,-0.003092,sentence-transformers/all-MiniLM-L6-v2
math_reasoning_4896,math_reasoning,context_injection,0.886132,0.113868,0.930391,0.069609,0.92571,-0.004681,sentence-transformers/all-MiniLM-L6-v2
math_reasoning_4896,math_reasoning,formatting_changes,0.955093,0.044907,0.931657,0.068343,0.92571,-0.005947,sentence-transformers/all-MiniLM-L6-v2
math_reasoning_4896,math_reasoning,paraphrasing,0.930129,0.069871,0.935715,0.064285,0.92571,-0.010005,sentence-transformers/all-MiniLM-L6-v2
math_reasoning_4896,math_reasoning,reordering,0.993569,0.006431,0.927687,0.072313,0.92571,-0.001977,sentence-transformers/all-MiniLM-L6-v2
math_reasoning_4896,math_reasoning,surface_noise,0.995105,0.004895,0.928321,0.071679,0.92571,-0.002611,sentence-transformers/all-MiniLM-L6-v2
math_reasoning_5038,math_reasoning,context_injection,0.81475,0.18525,0.903955,0.096045,0.896256,-0.007699,sentence-transformers/all-MiniLM-L6-v2
math_reasoning_5038,math_reasoning,formatting_changes,0.976423,0.023577,0.906311,0.093689,0.896256,-0.010055,sentence-transformers/all-MiniLM-L6-v2
math_reasoning_5038,math_reasoning,paraphrasing,0.891641,0.108359,0.889259,0.110741,0.896256,0.006996,sentence-transformers/all-MiniLM-L6-v2
math_reasoning_5038,math_reasoning,reordering,0.988242,0.011758,0.903194,0.096806,0.896256,-0.006938,sentence-transformers/all-MiniLM-L6-v2
math_reasoning_5038,math_reasoning,surface_noise,0.996898,0.003102,0.905147,0.094853,0.896256,-0.008891,sentence-transformers/all-MiniLM-L6-v2
math_reasoning_5497,math_reasoning,context_injection,0.837487,0.162513,0.961713,0.038287,0.980003,0.01829,sentence-transformers/all-MiniLM-L6-v2
math_reasoning_5497,math_reasoning,formatting_changes,0.962939,0.037061,0.978689,0.021311,0.980003,0.001314,sentence-transformers/all-MiniLM-L6-v2
math_reasoning_5497,math_reasoning,paraphrasing,0.970422,0.029578,0.967002,0.032998,0.980003,0.013001,sentence-transformers/all-MiniLM-L6-v2
math_reasoning_5497,math_reasoning,reordering,0.989118,0.010882,0.967356,0.032644,0.980003,0.012647,sentence-transformers/all-MiniLM-L6-v2
math_reasoning_5497,math_reasoning,surface_noise,0.986643,0.013357,0.980542,0.019458,0.980003,-0.000539,sentence-transformers/all-MiniLM-L6-v2
math_reasoning_8004,math_reasoning,context_injection,0.884194,0.115806,0.952248,0.047752,0.939082,-0.013167,sentence-transformers/all-MiniLM-L6-v2
math_reasoning_8004,math_reasoning,formatting_changes,0.960023,0.039977,0.944738,0.055262,0.939082,-0.005657,sentence-transformers/all-MiniLM-L6-v2
math_reasoning_8004,math_reasoning,paraphrasing,0.817323,0.182677,0.937596,0.062404,0.939082,0.001485,sentence-transformers/all-MiniLM-L6-v2
math_reasoning_8004,math_reasoning,reordering,0.985532,0.014468,0.952708,0.047292,0.939082,-0.013626,sentence-transformers/all-MiniLM-L6-v2
math_reasoning_8004,math_reasoning,surface_noise,0.982521,0.017479,0.954126,0.045874,0.939082,-0.015045,sentence-transformers/all-MiniLM-L6-v2
open_ended_writing_10208,open_ended_writing,context_injection,0.802074,0.197926,0.89721,0.10279,0.944571,0.047361,sentence-transformers/all-MiniLM-L6-v2
open_ended_writing_10208,open_ended_writing,formatting_changes,0.929689,0.070311,0.924072,0.075928,0.944571,0.020499,sentence-transformers/all-MiniLM-L6-v2
open_ended_writing_10208,open_ended_writing,paraphrasing,0.85656,0.14344,0.864046,0.135954,0.944571,0.080525,sentence-transformers/all-MiniLM-L6-v2
open_ended_writing_10208,open_ended_writing,reordering,0.972765,0.027235,0.907362,0.092638,0.944571,0.037209,sentence-transformers/all-MiniLM-L6-v2
open_ended_writing_10208,open_ended_writing,surface_noise,0.856442,0.143558,0.921213,0.078787,0.944571,0.023358,sentence-transformers/all-MiniLM-L6-v2
open_ended_writing_10774,open_ended_writing,context_injection,0.881948,0.118052,0.791285,0.208715,0.857055,0.06577,sentence-transformers/all-MiniLM-L6-v2
open_ended_writing_10774,open_ended_writing,formatting_changes,0.878501,0.121499,0.832693,0.167307,0.857055,0.024362,sentence-transformers/all-MiniLM-L6-v2
open_ended_writing_10774,open_ended_writing,paraphrasing,0.813272,0.186728,0.810124,0.189876,0.857055,0.046931,sentence-transformers/all-MiniLM-L6-v2
open_ended_writing_10774,open_ended_writing,reordering,0.988316,0.011684,0.877604,0.122396,0.857055,-0.020549,sentence-transformers/all-MiniLM-L6-v2
open_ended_writing_10774,open_ended_writing,surface_noise,0.923408,0.076592,0.842761,0.157239,0.857055,0.014295,sentence-transformers/all-MiniLM-L6-v2
open_ended_writing_11297,open_ended_writing,context_injection,0.757197,0.242803,0.845342,0.154658,0.818667,-0.026675,sentence-transformers/all-MiniLM-L6-v2
open_ended_writing_11297,open_ended_writing,formatting_changes,0.893875,0.106125,0.845227,0.154773,0.818667,-0.02656,sentence-transformers/all-MiniLM-L6-v2
open_ended_writing_11297,open_ended_writing,paraphrasing,0.828622,0.171378,0.794979,0.205021,0.818667,0.023688,sentence-transformers/all-MiniLM-L6-v2
open_ended_writing_11297,open_ended_writing,reordering,0.978045,0.021955,0.863925,0.136075,0.818667,-0.045258,sentence-transformers/all-MiniLM-L6-v2
open_ended_writing_11297,open_ended_writing,surface_noise,0.94311,0.05689,0.843055,0.156945,0.818667,-0.024388,sentence-transformers/all-MiniLM-L6-v2
open_ended_writing_16258,open_ended_writing,context_injection,0.865825,0.134175,0.882429,0.117571,0.885328,0.002899,sentence-transformers/all-MiniLM-L6-v2
open_ended_writing_16258,open_ended_writing,formatting_changes,0.952531,0.047469,0.894286,0.105714,0.885328,-0.008957,sentence-transformers/all-MiniLM-L6-v2
open_ended_writing_16258,open_ended_writing,paraphrasing,0.634324,0.365676,0.762884,0.237116,0.885328,0.122444,sentence-transformers/all-MiniLM-L6-v2
open_ended_writing_16258,open_ended_writing,reordering,0.961041,0.038959,0.896541,0.103459,0.885328,-0.011213,sentence-transformers/all-MiniLM-L6-v2
open_ended_writing_16258,open_ended_writing,surface_noise,0.926092,0.073908,0.900189,0.099811,0.885328,-0.014861,sentence-transformers/all-MiniLM-L6-v2
open_ended_writing_34294,open_ended_writing,context_injection,0.804269,0.195731,0.951764,0.048236,0.969356,0.017592,sentence-transformers/all-MiniLM-L6-v2
open_ended_writing_34294,open_ended_writing,formatting_changes,0.912056,0.087944,0.957528,0.042472,0.969356,0.011828,sentence-transformers/all-MiniLM-L6-v2
open_ended_writing_34294,open_ended_writing,paraphrasing,0.940968,0.059032,0.969852,0.030148,0.969356,-0.000496,sentence-transformers/all-MiniLM-L6-v2
open_ended_writing_34294,open_ended_writing,reordering,0.977421,0.022579,0.969848,0.030152,0.969356,-0.000492,sentence-transformers/all-MiniLM-L6-v2
open_ended_writing_34294,open_ended_writing,surface_noise,0.972126,0.027874,0.970811,0.029189,0.969356,-0.001455,sentence-transformers/all-MiniLM-L6-v2
open_ended_writing_35144,open_ended_writing,context_injection,0.911431,0.088569,0.85024,0.14976,0.821372,-0.028868,sentence-transformers/all-MiniLM-L6-v2
open_ended_writing_35144,open_ended_writing,formatting_changes,0.922426,0.077574,0.833384,0.166616,0.821372,-0.012012,sentence-transformers/all-MiniLM-L6-v2
open_ended_writing_35144,open_ended_writing,paraphrasing,0.905637,0.094363,0.782439,0.217561,0.821372,0.038933,sentence-transformers/all-MiniLM-L6-v2
open_ended_writing_35144,open_ended_writing,reordering,0.979421,0.020579,0.817731,0.182269,0.821372,0.003641,sentence-transformers/all-MiniLM-L6-v2
open_ended_writing_35144,open_ended_writing,surface_noise,0.975454,0.024546,0.826701,0.173299,0.821372,-0.00533,sentence-transformers/all-MiniLM-L6-v2
open_ended_writing_35341,open_ended_writing,context_injection,0.911465,0.088535,1.0,0.0,1.0,0.0,sentence-transformers/all-MiniLM-L6-v2
open_ended_writing_35341,open_ended_writing,formatting_changes,0.892586,0.107414,1.0,0.0,1.0,0.0,sentence-transformers/all-MiniLM-L6-v2
open_ended_writing_35341,open_ended_writing,paraphrasing,0.709077,0.290923,0.488405,0.511595,1.0,0.511595,sentence-transformers/all-MiniLM-L6-v2
open_ended_writing_35341,open_ended_writing,reordering,0.987589,0.012411,1.0,0.0,1.0,0.0,sentence-transformers/all-MiniLM-L6-v2
open_ended_writing_35341,open_ended_writing,surface_noise,0.980013,0.019987,1.0,0.0,1.0,0.0,sentence-transformers/all-MiniLM-L6-v2
open_ended_writing_36102,open_ended_writing,context_injection,0.766253,0.233747,1.0,0.0,1.0,0.0,sentence-transformers/all-MiniLM-L6-v2
open_ended_writing_36102,open_ended_writing,formatting_changes,0.869311,0.130689,1.0,0.0,1.0,0.0,sentence-transformers/all-MiniLM-L6-v2
open_ended_writing_36102,open_ended_writing,paraphrasing,0.835919,0.164081,1.0,0.0,1.0,0.0,sentence-transformers/all-MiniLM-L6-v2
open_ended_writing_36102,open_ended_writing,reordering,0.966719,0.033281,0.619176,0.380824,1.0,0.380824,sentence-transformers/all-MiniLM-L6-v2
open_ended_writing_36102,open_ended_writing,surface_noise,0.985824,0.014176,1.0,0.0,1.0,0.0,sentence-transformers/all-MiniLM-L6-v2
open_ended_writing_45338,open_ended_writing,context_injection,0.891906,0.108094,0.911987,0.088013,1.0,0.088013,sentence-transformers/all-MiniLM-L6-v2
open_ended_writing_45338,open_ended_writing,formatting_changes,0.950153,0.049847,1.0,0.0,1.0,0.0,sentence-transformers/all-MiniLM-L6-v2
open_ended_writing_45338,open_ended_writing,paraphrasing,0.713569,0.286431,0.567897,0.432103,1.0,0.432103,sentence-transformers/all-MiniLM-L6-v2
open_ended_writing_45338,open_ended_writing,reordering,0.972859,0.027141,1.0,0.0,1.0,0.0,sentence-transformers/all-MiniLM-L6-v2
open_ended_writing_45338,open_ended_writing,surface_noise,0.949887,0.050113,1.0,0.0,1.0,0.0,sentence-transformers/all-MiniLM-L6-v2
open_ended_writing_50246,open_ended_writing,context_injection,0.706487,0.293513,0.898017,0.101983,0.918756,0.020739,sentence-transformers/all-MiniLM-L6-v2
open_ended_writing_50246,open_ended_writing,formatting_changes,0.900984,0.099016,0.89816,0.10184,0.918756,0.020596,sentence-transformers/all-MiniLM-L6-v2
open_ended_writing_50246,open_ended_writing,paraphrasing,0.867914,0.132086,0.422557,0.577443,0.918756,0.496199,sentence-transformers/all-MiniLM-L6-v2
open_ended_writing_50246,open_ended_writing,reordering,0.971379,0.028621,0.905041,0.094959,0.918756,0.013715,sentence-transformers/all-MiniLM-L6-v2
open_ended_writing_50246,open_ended_writing,surface_noise,0.898811,0.101189,0.890242,0.109758,0.918756,0.028514,sentence-transformers/all-MiniLM-L6-v2
